{
    "S235JR": {
        "m_c": 0.16963513988515774,
        "m_f": 0.6186428260799477,
        "m_p": 0.5155062032375295,
        "k_c1": 1780.0005059285593,
        "k_f1": 629.8802915823087,
        "k_p1": 125.63837688930325,
        "K": 0.8947193346299451,
        "machine_coef_x": 0.7622420423293875,
        "machine_coef_y": 0.7628958749459789,
        "machine_coef_z": 1.4125064724726484
    },
    "AL2007T4": {
        "m_c": 0.24117788593680833,
        "m_f": 0.5547291429030854,
        "m_p": 0.253539921548118,
        "k_c1": 501.0270219503484,
        "k_f1": 209.43990657656434,
        "k_p1": 207.66383256822473,
        "K": 0.5766486703164491,
        "machine_coef_x": 1.6231237533566252,
        "machine_coef_y": 1.5977463793638491,
        "machine_coef_z": 1.8675499723863123
    },
    "S235JR_V1": {
        "m_c": 0.10605361831498365,
        "m_f": 0.5133383441025541,
        "m_p": 0.6294170394424132,
        "k_c1": 1780.0119004150602,
        "k_f1": 732.3264865174622,
        "k_p1": 123.92980790033081,
        "K": 0.854404367188137,
        "machine_coef_x": 1,
        "machine_coef_y": 1,
        "machine_coef_z": 1
    },
    "AL2007T4_V1": {
        "m_c": 0.31104661289960545,
        "m_f": 0.6270837817808448,
        "m_p": 0.24878769222139804,
        "k_c1": 508.9413027829353,
        "k_f1": 210.87000037186775,
        "k_p1": 335.2935139990338,
        "K": 0.679939404887401,
        "machine_coef_x": 1,
        "machine_coef_y": 1,
        "machine_coef_z": 1
    },
    "S235JR_V2": {
        "m_c": 0.1680247916779439,
        "m_f": 0.5753728750465943,
        "m_p": 0.3736299342624583,
        "k_c1": 1780.0000222524732,
        "k_f1": 731.0947664476703,
        "k_p1": 384.4697039072788,
        "K": 0.8830918889651551,
        "machine_coef_x": 0.7764089722882695,
        "machine_coef_y": 0.7770818482641666,
        "machine_coef_z": 0.7757958890077495
    },
    "AL2007T4_V2": {
        "m_c": 0.22012883857458845,
        "m_f": 0.5349552406920404,
        "m_p": 0.20610944720628188,
        "k_c1": 503.7391430942696,
        "k_f1": 209.46676497896033,
        "k_p1": 290.23319365465,
        "K": 0.690680764841102,
        "machine_coef_x": 1.4730895032698883,
        "machine_coef_y": 1.4502762029345382,
        "machine_coef_z": 1.3628660311549061
    }
}