DataSet,DataPath,Model,MAE,StdDev,MAE_Ensemble
ST_Plate_Notch,AL_2007_T4_Gear_Normal_3,Erd,0.5611572674925559,0.0,0.5613450749914396
ST_Plate_Notch,AL_2007_T4_Plate_Normal_3,Erd,0.40634475332853615,5.551115123125783e-17,0.40639979175524854
ST_Plate_Notch,S235JR_Gear_Normal_3,Erd,0.4111645782078172,5.551115123125783e-17,0.41391865235551834
ST_Plate_Notch,S235JR_Plate_Normal_3,Erd,0.3058620381120818,0.0,0.30735698057497746
