{
    "S235JR": {
        "m_c": 0.10605361831498365,
        "m_f": 0.5133383441025541,
        "m_p": 0.6294170394424132,
        "k_c1": 1780.0119004150602,
        "k_f1": 732.3264865174622,
        "k_p1": 123.92980790033081,
        "K": 0.854404367188137,
        "machine_coef_x": 1,
        "machine_coef_y": 1,
        "machine_coef_z": 1
    },
    "AL2007T4": {
        "m_c": 0.31104661289960545,
        "m_f": 0.6270837817808448,
        "m_p": 0.24878769222139804,
        "k_c1": 508.9413027829353,
        "k_f1": 210.87000037186775,
        "k_p1": 335.2935139990338,
        "K": 0.679939404887401,
        "machine_coef_x": 1,
        "machine_coef_y": 1,
        "machine_coef_z": 1
    }
}