{
    "S235JR": {
        "m_c": 0.17,
        "m_f": 0.6626194598003423,
        "m_p": 0.517983993030634,
        "k_c1": 1780.0,
        "k_f1": 544.2976332089391,
        "k_p1": 234.66298219900196,
        "K": 0.8876379200686269,
        "machine_coef_x": 0.7485450668122953,
        "machine_coef_y": 0.7511320536986298,
        "machine_coef_z": 0.7414434290687766,
        "scale": 1
    },
    "AL2007T4": {
        "m_c": 0.23949866535609188,
        "m_f": 0.3513348148435156,
        "m_p": 0.4413062041009734,
        "k_c1": 419.39708938231996,
        "k_f1": 364.6808208587596,
        "k_p1": 130.8723532476281,
        "K": 0.5899107859796338,
        "machine_coef_x": 2.1890114721878415,
        "machine_coef_y": 2.1579950723761185,
        "machine_coef_z": 1.2097459071572767,
        "scale": 1
    }
}