{
    "S235JR": {
        "x": 0.5163768646753825,
        "y": 0.26085403256924256,
        "z": 0.39985148659358233,
        "k_c1": 280.01725372214804,
        "k_f1": 320.85197430860774,
        "k_p1": 166.36519651499106,
        "K": 1.7534946437134196,
        "machine_coef_x": 1.1228735203752724,
        "machine_coef_y": 1.1046979942716235,
        "machine_coef_z": 1.3600868199246603
    },
    "AL_2007_T4_old": {
        "x": 1.08,
        "y": 0.75,
        "z": 0.2,
        "k_c1": 487,
        "k_f1": 20,
        "k_p1": 32,
        "K": 0.9,
        "machine_coef_x": 1.314,
        "machine_coef_y": 1.314,
        "machine_coef_z": 1.2
    },
    "AL_2007_T4": {
        "x": 0.9478900284070886,
        "y": 0.5310791848206001,
        "z": 0.22602438872542083,
        "k_c1": 252.38360506911374,
        "k_f1": 18.47338433616991,
        "k_p1": 72.57078994905996,
        "K": 1.7031716359390487,
        "machine_coef_x": 1.2050480589159627,
        "machine_coef_y": 1.1227249134461863,
        "machine_coef_z": 0.826815020154162
    }
}